{"cameraMode":{"drawMode":0,"name":"Shaded","section":"Shading Mode"},"sceneLighting":true,"audioPlay":false,"sceneViewState":{"showFog":true,"showMaterialUpdate":true,"showSkybox":true,"showFlares":true,"showImageEffects":true,"showParticleSystems":true},"in2DMode":false,"pivot":{"x":-0.15752029418945313,"y":0.00011348724365234375,"z":18.452957153320314},"rotation":{"x":0.056417472660541537,"y":0.6030229330062866,"z":-0.042813990265131,"w":0.7945737242698669},"size":22.0,"orthographic":false}