{"cameraMode":{"drawMode":0,"name":"Shaded","section":"Shading Mode"},"sceneLighting":true,"audioPlay":false,"sceneViewState":{"showFog":true,"showMaterialUpdate":true,"showSkybox":true,"showFlares":true,"showImageEffects":true,"showParticleSystems":true},"in2DMode":false,"pivot":{"x":9.600000381469727,"y":7.199999809265137,"z":-245.7100067138672},"rotation":{"x":0.056417472660541537,"y":0.6030229926109314,"z":-0.042813990265131,"w":0.7945737242698669},"size":4.164389133453369,"orthographic":false}